Simulation Time (T),E[N]
1000,0.3331770631662149
2000,0.33419674423249773
3000,0.3339853772875327
4000,0.33360104073754393
5000,0.332980086482513
