Run,Mean,Variance
1,0.013109264,0.000160185
2,0.012740126,0.000162181
3,0.013803245,0.000195038
4,0.013498161,0.000185921
5,0.013506266,0.000176828
