Simulation Time (T),E[N]
1000,1.0004295233730303
2000,1.00173132937761
3000,0.9905392905600827
4000,1.0015009216518898
5000,1.0033062099296077
