Run,E[N],Pidle
1,99332.41438,4.84E-06
2,99282.56742,1.00E-06
3,98973.30924,1.17E-05
4,99035.46618,2.33E-06
5,99721.35509,9.83E-06
