Run,E[N],Pidle
1,48834.3695,3.67E-06
2,51394.7151,1.33E-06
3,50464.868,2.03E-05
4,49456.60672,8.67E-06
5,49454.99926,9.34E-06
