Run,Mean,Variance
1,0.01387204122573236,0.0001873126538981376
2,0.01305910646220311,0.0002019083121458912
3,0.01313173025633553,0.00016241103157939267
4,0.013134170152750344,0.0001539724239668073
5,0.013167189458114561,0.00017792654005421347
